{
  "name": "Teletrabajo Capitulaciones",
  "short_name": "Teletrabajo",
  "description": "App para reuniones telemáticas del CEIP Capitulaciones de Santa Fe",
  "start_url": "teletrabajo-capitulaciones.html",
  "display": "standalone",
  "background_color": "#2563eb",
  "theme_color": "#2563eb",
  "orientation": "any",
  "icons": [
    {
      "src": "data:image/svg+xml,<svg xmlns='http://www.w3.org/2000/svg' viewBox='0 0 100 100'><rect width='100' height='100' fill='%232563eb'/><text x='50' y='70' font-size='70' text-anchor='middle' fill='white'>📋</text></svg>",
      "sizes": "192x192",
      "type": "image/svg+xml",
      "purpose": "any maskable"
    },
    {
      "src": "data:image/svg+xml,<svg xmlns='http://www.w3.org/2000/svg' viewBox='0 0 100 100'><rect width='100' height='100' fill='%232563eb'/><text x='50' y='70' font-size='70' text-anchor='middle' fill='white'>📋</text></svg>",
      "sizes": "512x512",
      "type": "image/svg+xml",
      "purpose": "any maskable"
    }
  ],
  "categories": ["education", "productivity", "business"],
  "lang": "es-ES"
}
